{"framework":"anansi-v0.14.0-keyed","keyed":true,"benchmark":"01_run1k","type":"cpu","values":{"total":{"min":175.2,"max":546.1,"median":235.8,"mean":273.0533333333333,"stddev":112.30682377605852,"values":[242.4,233.3,177,192.5,231.3,419.2,240.8,175.2,546.1,254.8,235.8,203.5,463.1,291.7,189.1]},"script":{"min":55.8,"max":149,"median":72.9,"mean":83.63333333333334,"stddev":28.879223047193005,"values":[72.9,62.8,55.8,72.9,57.2,108.1,77.7,56.5,132.6,103,87.3,67.4,149,94.6,56.7]},"paint":{"min":116,"max":404.4,"median":159,"mean":185.12,"stddev":85.77703821952753,"values":[164.9,165.5,118.9,117.1,169.5,306.9,159,116,404.4,149.5,141.7,132.9,309.6,192,128.9]}}}