{"framework":"vanillajs-keyed","keyed":true,"benchmark":"03_update10th1k_x16","type":"cpu","values":{"total":{"min":56.1,"max":238,"median":91.9,"mean":100.27333333333333,"stddev":49.435202417864524,"values":[64.3,56.1,56.5,73.2,91.9,167.7,110.3,99,138.6,238,97.8,73.8,71,105.3,60.6]},"script":{"min":0.3,"max":4.6,"median":2.2,"mean":1.9066666666666667,"stddev":1.4245132836299192,"values":[3.7,3.6,0.3,0.7,1.7,0.4,0.4,0.4,0.4,4.6,2.4,2.2,2.5,2.4,2.9]},"paint":{"min":40,"max":159.7,"median":66.9,"mean":72.86,"stddev":28.957698211603176,"values":[49,42.5,40,64.6,76.5,85.7,66.9,87,83.4,159.7,79.6,64.6,54.4,86.2,52.8]}}}