{"framework":"doohtml-lite-keyed","keyed":true,"benchmark":"01_run1k","type":"cpu","values":{"total":{"min":138.1,"max":479.8,"median":195.5,"mean":242.23999999999998,"stddev":106.18190456543364,"values":[145.3,371.6,479.8,324.2,155.3,258.9,173.8,181.6,304.8,138.1,195.5,379.1,221.4,153.6,150.6]},"script":{"min":6.5,"max":28.5,"median":9.8,"mean":11.286666666666665,"stddev":5.227245473296164,"values":[6.5,15.6,12.6,9.4,8.9,28.5,7.9,8.9,9.2,9.8,10.6,11.6,8.6,11.4,9.8]},"paint":{"min":125.9,"max":358.4,"median":180.9,"mean":219.67999999999998,"stddev":89.23758176911787,"values":[135.5,352,356.7,310.7,144.4,224.1,162.1,168.2,291.7,125.9,180.9,358.4,208.5,138.1,138]}}}