{"framework":"vanillajs-keyed","keyed":true,"benchmark":"01_run1k","type":"cpu","values":{"total":{"min":121.8,"max":620.4,"median":164.6,"mean":221.55999999999997,"stddev":141.9748760470367,"values":[131.4,138.7,121.8,138.4,122.8,139.2,165.3,183.7,182.3,620.4,153,164.6,337.7,300.1,424]},"script":{"min":5.8,"max":14.4,"median":6.9,"mean":8.106666666666666,"stddev":2.754079225612869,"values":[5.9,5.9,5.8,5.9,5.8,5.9,13.2,14.4,10,6.9,6.9,9.6,9,7.5,8.9]},"paint":{"min":113.9,"max":610.1,"median":149,"mean":208.17999999999998,"stddev":139.95139054073638,"values":[123.1,130.5,113.9,130.1,114.1,130.4,149,166,168.2,610.1,143.5,151.4,327.1,261.6,403.7]}}}