{"framework":"blazor-wasm-aot-v9.0.0-keyed","keyed":true,"benchmark":"01_run1k","type":"cpu","values":{"total":{"min":548.9,"max":1448.7,"median":723.8,"mean":887.9266666666666,"stddev":327.025074326259,"values":[636,1290.7,1448.7,1428.3,1063.2,723.8,743.2,548.9,1254.6,682.5,606.2,552.2,992.9,666.1,681.6]},"script":{"min":361.8,"max":874.6,"median":486.3,"mean":564.2133333333333,"stddev":199.06315174072873,"values":[486.3,849.7,842.9,874.6,728.6,368.4,457.6,361.9,796.1,394.3,415.9,361.8,616.9,492.1,416.1]},"paint":{"min":130.9,"max":551.2,"median":247.6,"mean":289.82666666666665,"stddev":136.13418520324856,"values":[130.9,415.9,551.2,528.2,278.9,328.6,244.4,149.3,397.5,247.6,165.7,166.6,351.4,149.7,241.5]}}}