{"framework":"dioxus-v0.5.1-keyed","keyed":true,"benchmark":"01_run1k","type":"cpu","values":{"total":{"min":274.8,"max":586.4,"median":441.6,"mean":438.1066666666666,"stddev":91.53240227737206,"values":[441.6,586.4,486.1,503,508.1,422.8,374.6,384.5,281.7,531.4,544.7,455.2,376.2,400.5,274.8]},"script":{"min":24.8,"max":230.8,"median":55.7,"mean":81.49333333333334,"stddev":62.034362213519174,"values":[52.7,188.3,33.9,96.6,36,128.4,55.7,28.6,24.8,90.6,120.6,45,58,230.8,32.4]},"paint":{"min":166.3,"max":464.8,"median":372.9,"mean":350.04,"stddev":85.62028965146052,"values":[372.9,388.7,448.8,402.5,464.8,292,315.4,347.8,252.9,424,415.4,407.4,315.4,166.3,236.3]}}}