{"framework":"dominator-v0.5.0-keyed","keyed":true,"benchmark":"01_run1k","type":"cpu","values":{"total":{"min":162.4,"max":496.1,"median":285.3,"mean":288.76,"stddev":102.95342081321463,"values":[290.8,496.1,178.2,201.9,460.5,321.1,352.1,208.2,205.8,260.9,285.3,410,209.7,288.4,162.4]},"script":{"min":30.3,"max":85.4,"median":42.1,"mean":51.05333333333333,"stddev":19.01731792215666,"values":[70.9,82.4,39.4,38.1,85.4,40.2,46.7,42.1,30.3,33.1,52.7,73.5,62.7,37.3,31]},"paint":{"min":128.8,"max":401.5,"median":223.2,"mean":232.98000000000002,"stddev":86.96575023700832,"values":[216.6,401.5,136.4,160.4,371.5,276.2,298.8,162.9,169.7,223.2,228.9,328.5,143.5,247.8,128.8]}}}