{"framework":"doohtml-keyed","keyed":true,"benchmark":"01_run1k","type":"cpu","values":{"total":{"min":122.2,"max":520.4,"median":207.5,"mean":221.81333333333336,"stddev":95.17601638668269,"values":[274.9,122.2,198.8,295.9,207.5,196.7,136.6,208.8,231.3,142.9,227.6,520.4,181.4,210.7,171.5]},"script":{"min":6.7,"max":16.9,"median":9.4,"mean":9.926666666666668,"stddev":3.0074827316133304,"values":[14.8,6.7,11.5,9.9,7,16.9,7.1,9,9.4,8.9,9.7,11.5,7.7,6.7,12.1]},"paint":{"min":113.3,"max":504.3,"median":185.4,"mean":206.82000000000002,"stddev":93.88585166497211,"values":[257,113.3,183.1,280.1,185.4,176.9,127.3,189.8,217.6,130.5,209.1,504.3,170.5,199.9,157.5]}}}