{"framework":"vanillajs-keyed","keyed":true,"benchmark":"02_replace1k","type":"cpu","values":{"total":{"min":133,"max":430.4,"median":220.1,"mean":243.19333333333333,"stddev":95.33608570785375,"values":[210.9,430.4,187.3,351.1,331.9,163.7,169.4,225.2,321.6,133,149.7,220.1,134.2,373.5,245.9]},"script":{"min":14.2,"max":142.4,"median":19.8,"mean":31.15333333333334,"stddev":31.708152774656433,"values":[28.6,142.4,19.6,36.4,19.8,14.3,16.3,29.3,38.3,17.2,19.1,24,14.2,18.4,29.4]},"paint":{"min":113.6,"max":330.8,"median":189.7,"mean":206.58666666666667,"stddev":76.03181539579963,"values":[178.4,284.1,164.5,311,306.5,144,150.7,191.2,280.7,113.6,127.5,189.7,116.7,330.8,209.4]}}}